cluster,stock,week,model,R2,RMSE,MAE,MedAE,MAPE(%),SMAPE(%),QLIKE
0,8382.0,1,cluster0_model,0.7192990444148957,0.00064139059586768,0.0004506760181162035,0.0003285079380081922,28.229375968964654,26.95785632432551,-5.421374240941355
0,8382.0,2,cluster0_model,0.6898053353419208,0.00035312272497272864,0.0002395846761065537,0.00017713353521669388,21.102768651291758,20.346310530479133,-5.800978340689401
0,8382.0,3,cluster0_model,0.5171009574065009,0.00023857873889213322,0.00017407215613182117,0.0001412199171041588,33.11854113395064,28.10369146461863,-6.4310094803482825
0,8382.0,4,cluster0_model,0.727492657616531,0.0007188576382021444,0.0004108596428418911,0.00024863665094864687,21.410863633993216,21.30247940411663,-5.379192583445188
0,8382.0,5,cluster0_model,0.4973016727936276,0.00024920081611316363,0.0001841370676839025,0.000139284348120329,26.647507738105404,23.881646052705836,-6.2150473434275275
0,8382.0,6,cluster0_model,0.6044459270582234,0.00024443860805038704,0.00018083088964921437,0.00014304288952654142,23.80579751463191,21.88628112856644,-6.170767252483696
0,8382.0,7,cluster0_model,0.3055019734786767,0.00021142945087442808,0.00016040911050934042,0.0001326704776083147,22.119843588697787,20.84028107625962,-6.19766693754733
0,8382.0,8,cluster0_model,0.8824713982205021,0.00047939574821896213,0.00034986849017720815,0.00026618749939158655,16.969661438517164,17.247558080186128,-5.243496353791065
0,8382.0,9,cluster0_model,0.8885184633033835,0.0009928847152419742,0.0007492080940970576,0.0005495047659105033,20.40784849171743,21.761933861492903,-4.6918389457883345
0,8382.0,10,cluster0_model,0.7792727313805328,0.0003233616628807269,0.00023694391675391864,0.00017036993689905462,19.65732598221692,19.15114386666032,-5.711993808310407
0,8382.0,11,cluster0_model,0.8276450792168638,0.0003695374210059685,0.00029175266638514454,0.0002271764573109608,21.511414180866723,20.94378216365551,-5.55695472674323
0,8382.0,12,cluster0_model,0.7668811878788818,0.0003495712659778834,0.00026327944666337924,0.00021202197629716557,19.659147288610733,18.782071302691335,-5.57833190526275
0,8382.0,14,cluster0_model,0.3875587135998938,0.00020299334770546823,0.00016266727030455377,0.00014508436569934965,27.914075576984352,24.79456058225815,-6.340644248763035
0,8382.0,15,cluster0_model,0.3996094292617006,0.0002348756663289928,0.0001707215739718623,0.00013713991914826254,23.54996098968366,21.19298892427292,-6.126908971564014
0,8382.0,16,cluster0_model,0.4310796116686141,0.00021704788371652083,0.00017049304941451878,0.0001393893169568597,25.735794931873237,23.077558432848107,-6.239373153574514
0,8382.0,17,cluster0_model,0.4238854669137314,0.00031452033906031015,0.00022756415823970962,0.00016024610596450725,23.357895188361706,22.495661249106575,-5.930443000840399
0,8382.0,18,cluster0_model,0.29339870074641283,0.00023620108423128821,0.0001810409999844499,0.00014676243441352272,22.305195618080003,20.613991835953684,-6.064799377812745
0,8382.0,19,cluster0_model,0.6112442608747048,0.00025082573252909385,0.000194681729336096,0.00015152799065167927,21.329548043494874,19.520552838220908,-5.925116483461657
0,8382.0,20,cluster0_model,0.35500854690604866,0.0002550522763819369,0.00018131790772887683,0.000147231090506754,27.219653189090305,23.667070552043196,-6.188501447415425
0,8382.0,21,cluster0_model,0.33464601788826476,0.00021481555801308258,0.0001573497829228655,0.0001333771039826483,26.788400144159247,23.53048268524759,-6.343740681595273
0,8382.0,22,cluster0_model,0.44601888572109727,0.00021869478510291624,0.00016387053438811537,0.00012958288548106984,30.26778015845028,25.814254724900415,-6.3966246550784716
0,8382.0,23,cluster0_model,0.6733350576335354,0.00017023185027845514,0.00013495826922616563,0.00011129114931866568,30.078120195453874,25.26437025157303,-6.550697916679595
0,8382.0,24,cluster0_model,0.2156822704877719,0.00024656685554829853,0.00018100829358397806,0.00014843103733007922,30.140463825855328,25.842845631503703,-6.289233660456576
0,8382.0,25,cluster0_model,0.2756020191787859,0.0002609722622896372,0.0001639416144185954,0.00012367498065860594,27.207203689575106,23.6531899580589,-6.3219199481057
0,8382.0,26,cluster0_model,0.5142483771276966,0.00020225764296164398,0.00015137563504906084,0.00011303085818577293,25.128389398452573,22.526823225903755,-6.338668728757379
0,8382.0,27,cluster0_model,0.7383467777259691,0.0001563594929961397,0.00012919927453684853,0.00012124107761089269,29.659788482360945,25.084511483483997,-6.560891924381149
0,8382.0,28,cluster0_model,0.4713038236316788,0.00021494979895585623,0.00015799567855555725,0.00012613090457004586,27.689616196906936,24.034912551818127,-6.341288307152109
0,8382.0,29,cluster0_model,0.600930851325661,0.00020034009926599107,0.0001526132909426654,0.00013133833718898316,32.45393307512656,27.725187785725254,-6.53693863863283
0,8382.0,30,cluster0_model,0.3557466243877443,0.0001928304799320063,0.00014928781579116719,0.00012641049711748528,24.659534782928358,21.336661363340472,-6.265054602567054
0,8382.0,31,cluster0_model,0.7172219168139968,0.00019120749158998764,0.00014127087801015588,0.00012366904917367958,33.78921131276391,27.499411056073136,-6.617906672680737
0,8382.0,32,cluster0_model,0.7809443523274866,0.00016905538718406518,0.00012868141751744253,0.00011105520450504651,34.101747731994955,27.52489073340364,-6.685779610167126
0,8382.0,33,cluster0_model,0.6824249200584321,0.00017792004905514602,0.00013705361440255787,0.00011974262966182872,28.61705069436186,24.878916834927427,-6.520331847836441
0,8382.0,34,cluster0_model,0.8990431832763889,0.00011859602824594967,9.370545759371522e-05,7.841564392584865e-05,26.79375241801355,22.24996054674336,-6.782894209433182
0,8382.0,35,cluster0_model,0.7669296747246312,0.00019586581567855002,0.000126194304040299,0.00010177052053331661,35.21904972885693,28.69655988718074,-6.7828159923910105
0,8382.0,36,cluster0_model,0.628686196328087,0.00020930791836308016,0.0001491176292557217,0.00012029656466123887,33.4538210259536,27.34064180374339,-6.572140503217419
0,8382.0,37,cluster0_model,0.4255825326641608,0.00030171650709336334,0.00018554505054202045,0.0001365706934628868,36.519243246494206,30.756578288516717,-6.508582270852863
0,8382.0,38,cluster0_model,0.7486385819654859,0.0001898387211239016,0.00013616142022945774,0.00011641311567019082,32.13023867279131,26.683695552512482,-6.6419493434113495
0,8382.0,39,cluster0_model,0.5788960073178446,0.00018721778854593191,0.00015604545031670973,0.00013797766326589724,31.975846998400264,26.36064867926561,-6.443267805897344
0,9323.0,1,cluster0_model,0.49419543100039376,0.00015933103994497134,0.0001221461338821338,9.944146086287886e-05,18.35925019988684,16.96450453261609,-6.261946367486527
0,9323.0,4,cluster0_model,0.8206277105693864,0.0002948454143804429,0.00021889648440766158,0.0001757301322653686,16.01214408460681,16.05455413336224,-5.623374232245693
0,9323.0,8,cluster0_model,0.7901839391134241,0.00029449629988999,0.0001971989776956669,0.00013412354729113243,15.900247783280571,15.633941379296717,-5.762556944036882
0,9323.0,9,cluster0_model,0.8647851508975413,0.00020543287653183937,0.00015723904925932697,0.00013625509378388013,13.716809282740346,13.326423740279465,-5.752252350176341
0,22729.0,4,cluster0_model,0.16890676647467961,0.00031546344736986813,0.00023503154669661573,0.00019065554417439649,31.314154157865115,28.685352512042524,-6.087862722163172
0,22753.0,1,cluster0_model,0.5233451322364031,0.00016799083106200325,0.00010603595595726403,7.161294314012907e-05,17.75292468685532,16.314558163921294,-6.391304723193041
0,22753.0,3,cluster0_model,0.861758448178388,0.00012154138056810601,9.622831141123591e-05,8.3347338164233e-05,21.93161960653076,19.863525070159668,-6.635313401634784
0,22753.0,4,cluster0_model,0.29972386489888825,0.00018149820210474485,0.00012885728297649143,0.00010059533255952845,16.018568558194875,15.368355937089623,-6.122553628375059
0,22753.0,9,cluster0_model,0.7556427527246391,0.0001560328076746175,0.00011412848169703403,9.076342470827592e-05,14.518662488446862,13.778258981265793,-6.12457610881382
0,22771.0,1,cluster0_model,0.7171915752592295,0.00018067317083475952,0.00013605465795263935,0.00011073288557803847,36.992785194915555,28.185528034343772,-6.615636048333345
0,22771.0,3,cluster0_model,0.6404128175810874,0.00017816982749986897,0.00014414489754922344,0.0001307138347355033,29.60653525129367,24.962560756157632,-6.471745364140426
0,22771.0,4,cluster0_model,0.23783218155443742,0.0002999194563213056,0.00023188874839326568,0.00019132417409538902,33.74780753045695,29.664292851541003,-6.125103565334359
0,22771.0,5,cluster0_model,0.7201601607214447,0.00019776752471625887,0.00016033224001395552,0.00015395216078230352,47.74909103456652,34.88071913282558,-6.672661712253072
0,22771.0,8,cluster0_model,0.37379180297756753,0.00030574765338030395,0.00021944633079471712,0.00016438588780851574,28.263433906279566,24.601221677228605,-6.0157840555478135
0,22771.0,9,cluster0_model,0.5803775041225632,0.00046987492697597234,0.000298612795195917,0.00020456360667683794,26.300287870749074,25.10570388513059,-5.78670464611203
0,22771.0,10,cluster0_model,0.20935779288672762,0.0008724345592380958,0.0002697662752718533,0.0001232891441040571,26.908218160696805,24.74353627194414,-6.170919070386772
0,22771.0,11,cluster0_model,0.49464112642694236,0.00026392460176658135,0.00016472056913075428,0.00011476753386635368,34.6064240714885,27.88650518159322,-6.460761552370396
0,22771.0,12,cluster0_model,0.398925169508786,0.00019757627890423131,0.00014859805586793013,0.00012052573780160146,27.093656597099073,23.378466078496203,-6.339355103367411
0,22771.0,15,cluster0_model,0.8363378831014341,0.00018155875304205348,0.00014053460927822777,0.00012658502221490848,55.4427606036456,38.39876853303789,-6.921133507233633
0,22771.0,16,cluster0_model,0.7417939414625856,0.00018563784542751093,0.00015088558901546768,0.00013385888587047335,39.363525403812346,31.803414550687247,-6.661180288160338
0,22771.0,18,cluster0_model,0.8592541101679936,0.00013543959723383552,0.00010927596662998526,9.536039974489542e-05,30.43400581936212,25.166911506662125,-6.732424687014364
0,22771.0,19,cluster0_model,0.8716464885500771,0.00013983461951491932,0.00010988452191209717,8.828133815055929e-05,38.51815244546529,27.571964489353064,-6.798579834738063
0,22771.0,29,cluster0_model,0.8964931551821063,0.0001492288140857032,0.00012559958419237468,0.00011771353911192835,56.245403134644945,38.30975112081186,-7.010868200162696
0,22771.0,36,cluster0_model,0.48080855147330903,0.0002940622728291734,0.00019359775820066018,0.0001426521247831738,44.776789767499785,33.552958551825604,-6.472809096765057
0,22771.0,38,cluster0_model,0.848494738785246,0.0001684214999610929,0.000130644225757328,0.00010676901015491919,48.81442579879376,34.526649777273924,-6.8725095014088105
0,22771.0,39,cluster0_model,0.7062222920802931,0.00017187443883489572,0.00013957653970781688,0.00011812095843831313,30.577110809859438,26.270050058875384,-6.564972177537033
0,22951.0,1,cluster0_model,0.4534106105000911,0.00018530201575244273,0.00012908951787018265,0.00010115979931112873,22.614560941385406,20.099331459393138,-6.37543806570399
0,22951.0,2,cluster0_model,0.5204061634502801,0.00018433923281595133,0.00013383551725598485,0.00010289863250257097,20.931833464773582,19.208994222393567,-6.29664890940901
0,22951.0,3,cluster0_model,0.6661841125769803,0.00017671530274122942,0.00012532569586992174,8.465233005754686e-05,24.593545043617443,22.257224556906216,-6.513407367890163
0,22951.0,4,cluster0_model,0.6238758740395767,0.0002833997393045135,0.00021570143840289035,0.00017406751543061515,19.039332073459704,19.249177409122645,-5.792217796702755
0,22951.0,5,cluster0_model,0.8776728000022862,0.00011317454206216987,9.320688188200037e-05,8.668381204655456e-05,22.446533390327097,19.600847386948747,-6.647625270556013
0,22951.0,6,cluster0_model,0.8582996486753858,0.0001428841701778153,0.00011010149482103564,9.405029249407284e-05,29.462336378746873,25.28920206915066,-6.768447924655528
0,22951.0,7,cluster0_model,0.6164084201427078,0.0001648320206302261,0.00012187170741182443,0.00010771136349812973,21.287398664680335,19.50277132497433,-6.43046848514551
0,22951.0,8,cluster0_model,0.6892356356188492,0.0003485808900872677,0.00020840958160205135,0.00014109448809672745,17.419617303212203,17.658996167856632,-5.846650454337762
0,22951.0,9,cluster0_model,0.827819363527708,0.00026717719609857944,0.0002052420072211895,0.00016427626155345943,16.964624084228134,16.58463769066215,-5.716427296347383
0,22951.0,10,cluster0_model,0.7040063939769228,0.0001412892100348779,0.0001141065922944215,0.00010957925535197261,21.602121037320504,19.11215394988752,-6.435002798768315
0,22951.0,11,cluster0_model,0.38100386904260675,0.00025758983216261536,0.00018717275243572133,0.00014470956997687378,24.30069685125752,22.570110016100116,-6.131073902382304
0,22951.0,12,cluster0_model,0.34446366575984366,0.0002110745086827653,0.00014115648481823946,0.0001076773890479966,16.064444490108766,15.582560700196005,-6.030963497881673
0,22951.0,14,cluster0_model,0.8353702796635862,0.00014744502059257561,0.00010401764976706195,7.816746208944513e-05,24.725737782299323,21.954194296187172,-6.720954343185009
0,22951.0,16,cluster0_model,0.8848044199149498,0.00012406536590193643,9.953764797743938e-05,8.766886152079375e-05,27.773756982471266,23.36216896752676,-6.751215994783784
0,22951.0,17,cluster0_model,0.7421990806517093,0.00016178645272138786,0.00011707808502708739,9.485089176221586e-05,24.499599594868933,21.598667847566563,-6.579605444437584
0,22951.0,18,cluster0_model,0.8076198758852386,0.00014928013663038564,0.00011984460767732487,0.0001083543328253474,30.2065277626888,25.42508454523223,-6.661865381218319
0,22951.0,19,cluster0_model,0.8868463099583622,0.00011624532075332311,9.509365705660535e-05,8.601564492819792e-05,24.21867088811278,21.02820557318194,-6.705537665895819
0,22951.0,26,cluster0_model,0.9358993736105299,0.00011594433878318612,9.730151587278352e-05,8.89521385593809e-05,37.56695129099768,29.65474995805537,-7.0198818133320025
0,22951.0,30,cluster0_model,0.8964937231000925,0.00011948610330465723,9.850104570909818e-05,8.928134334958656e-05,26.05010598057763,22.489908924955518,-6.758054153157362
0,22951.0,33,cluster0_model,0.9057729199258834,0.00013730025058635904,0.00010358699091120812,9.757232181468286e-05,37.71938610176113,29.61365251964282,-6.968605859584048
0,22951.0,38,cluster0_model,0.7708076514711866,0.00016192128234544489,0.00012601536311850834,0.00011062152260899458,30.193428822568492,25.480992403099954,-6.632921596234428
0,22951.0,39,cluster0_model,0.737369781025869,0.00016306446507071128,0.00011724156212597576,9.465804778799151e-05,24.593740432039393,21.60218631003061,-6.5456974655216085
0,48219.0,1,cluster0_model,0.2890440780608622,0.00021578806095586673,0.00016862617115935726,0.00013591583800587673,27.79242907903757,24.618563515153976,-6.275139705534588
0,48219.0,2,cluster0_model,0.25492738515570923,0.0002792444198366334,0.00021337081581781985,0.00017441323045220316,35.678207150307536,30.036222949795537,-6.244277482846107
0,48219.0,3,cluster0_model,0.7339479392021941,0.00016703810173941582,0.00013417944960288084,0.00011575355871436645,30.30974982537345,26.285961796225195,-6.568500646494986
0,48219.0,4,cluster0_model,0.4879813930689463,0.0002954310014225839,0.00021511699170108676,0.00015940843471627485,21.021921027462927,21.086620905326487,-5.896253722219212
0,48219.0,5,cluster0_model,0.7404704902041581,0.00016607970042346195,0.00012283646799939924,9.77848858366909e-05,31.26948143738952,24.23994324997165,-6.54126119752214
0,48219.0,7,cluster0_model,0.7637437040515886,0.00015305447669926924,0.00012029424131609238,9.654676600700995e-05,29.97086022113181,24.422087098998265,-6.588670947518522
0,48219.0,8,cluster0_model,0.6157345748404293,0.00020755281105913176,0.00014989472575841444,0.00011339139262774847,18.60058833441508,17.459175203130293,-6.08694878331656
0,48219.0,9,cluster0_model,0.6941311041331036,0.0003357314437126526,0.00023546200322880026,0.0001584398781613188,22.7978105263388,21.285856095021167,-5.879742196606627
0,48219.0,10,cluster0_model,0.7439834694143599,0.0001642135874452624,0.00013472940303627383,0.00011991219480326885,31.80002368315681,26.286858054989665,-6.559353690511956
0,48219.0,11,cluster0_model,0.5499349095039278,0.00019845679283905757,0.0001552663287090074,0.00013373851736629455,27.311129512865897,24.729318848491342,-6.38773113352991
0,48219.0,12,cluster0_model,0.36738293172110215,0.000196642984744736,0.00015679966092064926,0.0001255258803790866,28.320135141288795,24.951910480496352,-6.339575920839544
0,48219.0,15,cluster0_model,0.6954416341409844,0.00020381933600357766,0.00015638000259930498,0.00012716521169375068,38.44656262087398,30.519900630828634,-6.58010620451945
0,48219.0,16,cluster0_model,0.709787434595891,0.00020519361390312102,0.0001525555210115825,0.0001244331432632187,42.90748894253495,31.82375374594003,-6.655123600703001
0,48219.0,18,cluster0_model,0.790279816813031,0.00015650541457022432,0.00012371779362951383,0.00010898877842048261,33.967815581343615,26.89201854583078,-6.658365826936047
0,48219.0,19,cluster0_model,0.764134387978839,0.00017824345328114924,0.00014315856123339076,0.00012130679759074273,39.52850761025543,30.32415663160593,-6.656179646493222
0,48219.0,20,cluster0_model,0.7630518902684684,0.0001760645044552098,0.00012957164081076923,9.468099765366908e-05,34.001453737950996,27.929648915171047,-6.688591922039892
0,48219.0,24,cluster0_model,0.4819480987289103,0.00023000501958002787,0.00016799986017013247,0.0001312060569881587,25.69748347410239,23.746920233920427,-6.301437285615101
0,48219.0,27,cluster0_model,0.7336149786069475,0.0001996101657318094,0.00015483140674199818,0.0001303411004057466,42.35505237826181,33.406477671372606,-6.687608151821893
0,48219.0,28,cluster0_model,0.7186394199179456,0.00020702204475689997,0.00015463271408004128,0.00012165500174781755,42.0398836217036,31.977068067894898,-6.672860671294072
0,48219.0,29,cluster0_model,0.8157361621964512,0.00016164993487325532,0.00012310349621161005,9.396236884992874e-05,33.72535037117364,27.181163845144635,-6.708985954297672
0,48219.0,31,cluster0_model,0.6501543844710421,0.00018664495676962603,0.00014687928082810785,0.00011666096839981535,31.070801970652745,26.24659875966009,-6.487112005492188
0,48219.0,33,cluster0_model,0.6837336416476361,0.0001925239094587541,0.0001474466039250391,0.00012146060012470681,33.27781358515435,28.50931313469816,-6.599435865588536
0,48219.0,38,cluster0_model,0.8789577894612328,0.00014063756947759194,0.00011112384239083149,9.331151997125025e-05,34.79093508286567,27.486266251999325,-6.829190344493928
0,48219.0,39,cluster0_model,0.5857545440213432,0.00022640096065255975,0.00017090419616007995,0.00012945272761275562,37.99609128131656,30.95841546139787,-6.51870464703578
0,104919.0,9,cluster0_model,0.8446641736175582,0.00017274215658266172,0.00013897367887870892,0.00011520456001494229,14.163008460371735,13.559240391413876,-5.891100815538143
1,9323.0,2,cluster1_model,0.7040737361431242,0.00018143729285114156,0.00011508039689787744,7.86615044274249e-05,16.401522146481025,17.574371573971593,-6.393137065212219
1,9323.0,3,cluster1_model,0.742012240657368,0.00011449012976129903,8.239400081001148e-05,6.568329319882061e-05,16.31165207514842,15.959120229146073,-6.583343907826983
1,9323.0,5,cluster1_model,0.558990207883886,8.66317472686592e-05,6.682443277483544e-05,5.437212837763902e-05,15.82483801438474,15.537464174094184,-6.765630700007768
1,9323.0,6,cluster1_model,0.5663447524763887,9.939686680047521e-05,7.213040756945914e-05,5.0106666539655485e-05,18.455242548603877,18.043535175229298,-6.869598590362456
1,9323.0,7,cluster1_model,0.6058034313233307,0.00014059294790989395,9.627878731317132e-05,6.74176253007095e-05,17.75197876464012,17.94451396354745,-6.573627924710503
1,9323.0,10,cluster1_model,0.6334122145381182,0.00015139629195701194,0.00010670131063889999,7.141681044131671e-05,18.05030421444133,18.324247053682264,-6.492055553356853
1,9323.0,11,cluster1_model,0.6131406623261784,0.00020300819442840235,0.00011492168135378202,6.94947822610453e-05,18.426929647980216,18.991160869507922,-6.469414595609603
1,9323.0,12,cluster1_model,0.7196417237669279,0.00017541517104096546,0.00011768380075150883,8.161789097668889e-05,16.72685328072736,17.628075461829663,-6.332405443813164
1,9323.0,14,cluster1_model,0.38209158026251955,0.00011020026883628843,7.477921498636599e-05,5.6010158423304966e-05,16.43397389580051,16.506594338256136,-6.735601150673208
1,9323.0,15,cluster1_model,0.6196527909762454,8.577143749411096e-05,6.223459638188049e-05,5.0056877737976495e-05,18.75135770220434,17.654531016880025,-6.959961658494326
1,9323.0,16,cluster1_model,0.30805919561938044,0.0001261286190267907,8.707746244163112e-05,6.430426287416716e-05,24.004986225122586,22.173521512395098,-6.869599048713619
1,9323.0,17,cluster1_model,0.6086021091212471,0.0001457355586874276,0.00010409605663331738,8.242184478784702e-05,20.25132873355618,20.13577978841833,-6.600189462359837
1,9323.0,18,cluster1_model,0.3463147330975638,0.00011335243607486756,7.872372057453935e-05,5.3946788963838164e-05,17.71201802627878,16.93154933454345,-6.705967952605397
1,9323.0,19,cluster1_model,0.5115359155123476,0.00011962547419528272,7.684017840180374e-05,5.207006205456206e-05,18.97429194184288,18.261213726234786,-6.814501606862357
1,9323.0,20,cluster1_model,0.5130790189964469,0.00013066391326877513,8.10821907261235e-05,5.4752688016161737e-05,18.13989031387548,17.258705340473742,-6.721924773609455
1,9323.0,21,cluster1_model,0.516568943178445,0.00011636650108737826,7.4728413014612e-05,5.216582966964771e-05,24.799841288068887,22.413616918123942,-7.0793666053592155
1,9323.0,22,cluster1_model,0.6897356131569954,7.643649255238448e-05,5.870682071606386e-05,5.0765498992707945e-05,23.628797925548472,20.68525142677003,-7.16112097813162
1,9323.0,23,cluster1_model,0.5208740258868931,0.0001354903744693582,7.782278497090712e-05,5.611639581185233e-05,12798.579023656466,28.94273896554649,-7.294875719734926
1,9323.0,24,cluster1_model,0.4928535897283476,0.00016240705559529076,8.55111846832241e-05,6.012722089918931e-05,16.928195734377038,17.301178365995497,-6.705762000035035
1,9323.0,25,cluster1_model,0.32918488470812324,0.00021590795900600418,7.97023005926061e-05,4.9112939399408874e-05,28.362324375245873,24.125171133664544,-7.208032311915917
1,9323.0,26,cluster1_model,0.5610657238468797,0.00011254292693930375,7.687038368068065e-05,6.321532554163316e-05,19162.647129531546,27.61531828010073,-7.193432297944266
1,9323.0,27,cluster1_model,0.5559702712273533,0.00010600818998003257,7.16938042835305e-05,5.4829625804095596e-05,21.82497789286209,20.220295963144427,-6.97334805567058
1,9323.0,28,cluster1_model,0.5738930172923014,0.00013086348126388286,8.752335810209321e-05,5.981328043746457e-05,17.384846968816063,17.168229227419957,-6.641267018986211
1,9323.0,29,cluster1_model,0.3231427638288722,0.00011828576398576519,6.558482227915186e-05,4.473170305123079e-05,19.937432289001325,18.654792105973208,-7.025225601376938
1,9323.0,30,cluster1_model,0.5853569474483815,8.813507088390843e-05,6.658127097370412e-05,5.4717331380445814e-05,20.07333680985557,18.62978685258827,-6.909083454817705
1,9323.0,31,cluster1_model,0.7286314117491571,6.601546006651343e-05,5.090477834224351e-05,4.2995948140203466e-05,18.064977985855545,16.96265274810326,-7.104185640252808
1,9323.0,32,cluster1_model,0.7391045409025763,7.899035983754352e-05,5.549070245169384e-05,4.304631892456496e-05,25.123673417116994,20.952493909708988,-7.221323647540847
1,9323.0,33,cluster1_model,0.6326520162910454,7.765049730924546e-05,5.968538030277344e-05,5.0359080440978894e-05,15.933965123670216,15.601613653213212,-6.889132358872749
1,9323.0,34,cluster1_model,0.7263055079142955,7.616778136077398e-05,5.396746259318968e-05,4.210394313411468e-05,20.524765586689416,18.147817349286505,-7.144660703587943
1,9323.0,35,cluster1_model,0.7894712689631923,7.222913067023031e-05,5.567282913071122e-05,4.702006696572617e-05,22.6639468341051,20.280739262803998,-7.205177431199018
1,9323.0,36,cluster1_model,0.7431326231460411,0.0003204031579191922,0.00019003681010531473,0.00011558417994536502,21.74707832381157,22.957454785448178,-6.25689528115229
1,9323.0,37,cluster1_model,0.5663169559636173,0.0001165824274452519,7.740319331523976e-05,6.0709859527680575e-05,15.700027402290145,15.876733148326505,-6.662662373240652
1,9323.0,38,cluster1_model,0.5987564000846619,0.00010345701837557607,6.884674911334041e-05,5.121498703882624e-05,22.633678855421483,20.209354015375954,-7.002704404723384
1,9323.0,39,cluster1_model,0.7648443745824527,0.00014535650084361967,9.445790746941962e-05,7.278203072138425e-05,15.295536164905293,15.945745990013679,-6.479773480407708
1,22753.0,2,cluster1_model,0.7694467609679733,0.00021475017349602157,0.00015119337171385315,0.00010716005720221125,18.07470899747402,20.11119334228933,-6.179152648160569
1,22753.0,5,cluster1_model,0.292427235946325,0.0001259979949355502,9.104022865005678e-05,7.403198756026621e-05,25.54144051459947,24.03313355483519,-6.857366873499099
1,22753.0,6,cluster1_model,0.502205120702301,0.00010138993887598533,7.18012666266496e-05,5.171379762642121e-05,19.93874153763536,19.16885425476068,-6.909115632410243
1,22753.0,7,cluster1_model,0.4266716838915322,0.00011830572895038597,8.722238947218451e-05,7.050679150636354e-05,20.795535716181956,20.49845503658634,-6.770566637636879
1,22753.0,8,cluster1_model,0.8243721042229559,0.00021267335893437547,0.00014303355084097457,0.00010368113499559098,15.648659042307985,17.318577462411884,-6.123655743308769
1,22753.0,10,cluster1_model,0.6465766532808914,0.00010495776892680422,7.925278556847374e-05,6.302943029972712e-05,19.454129225485516,19.451865890172403,-6.8495049485093915
1,22753.0,11,cluster1_model,0.46977141841932213,0.0005778177788834935,0.00021159579833874434,0.00010096887580931168,18.605939716309326,21.438404512973094,-6.21627912967905
1,22753.0,12,cluster1_model,0.5753052930190696,0.00015942681607810982,0.00011257550385429298,8.182343992881185e-05,18.238772513093974,20.16653999576901,-6.480824694905636
1,22753.0,14,cluster1_model,0.48999832528841436,8.010960761167715e-05,5.901085564365113e-05,4.480740378587616e-05,15.706493865488245,15.957895791020398,-6.908899527369266
1,22753.0,15,cluster1_model,0.42114598763627675,0.0001017697000976977,6.95308269478106e-05,5.473575914389195e-05,17.44976034459905,17.65277814842052,-6.867341990965183
1,22753.0,16,cluster1_model,0.5664385786230584,8.455212308592521e-05,6.35292399024554e-05,4.9735131933948654e-05,18.337251870043506,17.86769074025522,-6.963055435088667
1,22753.0,17,cluster1_model,0.6495335475525053,0.00010341067155432386,7.505761256231418e-05,6.22272615693101e-05,18.999778368782835,18.853501050020718,-6.850507534749436
1,22753.0,18,cluster1_model,0.5249618318096139,9.091643058046998e-05,6.976018790967535e-05,5.4424012523672006e-05,20.569052771130934,19.600374923726253,-6.947765166623496
1,22753.0,19,cluster1_model,0.6942759616700607,8.178113739457936e-05,6.233897261082578e-05,5.1407341213072666e-05,17.501300956580522,16.849099508033103,-6.905032130283311
1,22753.0,20,cluster1_model,0.5792595022105849,8.969156135451068e-05,6.376543037831318e-05,4.4907987396148496e-05,18.233483233748153,17.0890507715797,-6.894451381304877
1,22753.0,21,cluster1_model,0.5998266267398278,9.050179391892348e-05,6.308046544959834e-05,4.741581031137744e-05,22.22675140751915,20.016079890829314,-7.075993496310965
1,22753.0,22,cluster1_model,0.7605453021767756,7.184064761766191e-05,5.2668729352353074e-05,3.9673595036466915e-05,20.895096145947285,18.92372742443542,-7.196815929952606
1,22753.0,23,cluster1_model,0.6618680850769258,8.8457248487289e-05,6.410295877265632e-05,5.004538056622297e-05,22.145894347940985,20.202870267228214,-7.100047629361749
1,22753.0,24,cluster1_model,0.7214486444201003,0.00015795385311256408,0.00010353846211970208,7.793121335686708e-05,17.15733040042614,18.02048834986006,-6.48455804649524
1,22753.0,25,cluster1_model,0.5830492392164719,9.839907147967213e-05,6.861932294900379e-05,5.173672909548297e-05,21.39225119178306,20.159985192313062,-7.017702751154149
1,22753.0,26,cluster1_model,0.6833406323372493,8.353415667086152e-05,5.907742854929483e-05,4.563146386020572e-05,20.24167740952464,18.73371886326471,-7.120255616767715
1,22753.0,27,cluster1_model,0.6513596754372148,8.96242804987652e-05,6.342353768673574e-05,4.827857290645932e-05,16.855180161052115,16.586595655520753,-6.926970376161604
1,22753.0,28,cluster1_model,0.5985646134306497,9.854000963176975e-05,6.996476210672969e-05,5.430004300040442e-05,15.639841530159327,15.693463284480497,-6.73684132979644
1,22753.0,29,cluster1_model,0.6681682219605124,8.473990782195574e-05,6.026184764658335e-05,4.4312068454854895e-05,15.278517936731184,15.479851578177808,-6.892519610196754
1,22753.0,30,cluster1_model,0.6232234743057805,9.292592340861775e-05,6.988589212675531e-05,5.626035029113004e-05,16.31552232990301,16.577517130701143,-6.791926845207345
1,22753.0,31,cluster1_model,0.5764755543850291,8.653298824334686e-05,6.578413387539314e-05,5.2166300791652926e-05,18.051255890924715,17.648275813413726,-6.920021852675159
1,22753.0,32,cluster1_model,0.7096573652617293,7.72668802335045e-05,5.878044298526806e-05,4.885132823385757e-05,18.803761400615382,17.88536285061069,-7.041391671746183
1,22753.0,33,cluster1_model,0.579890442403281,9.503296471724093e-05,6.380481470080466e-05,4.6829080608870566e-05,15.477230401101421,15.686579657104415,-6.8822813667749765
1,22753.0,34,cluster1_model,0.7152753520114334,7.45835893630534e-05,5.783617874614631e-05,4.64410350953123e-05,20.202741725547828,18.744577095740944,-7.072530015319689
1,22753.0,35,cluster1_model,0.7138058985071545,7.810614447135018e-05,5.9447577101624445e-05,4.751883640143871e-05,18.24775667789221,17.682677696575944,-7.0127040692198435
1,22753.0,36,cluster1_model,0.6382233648241484,0.0001147488180306294,7.209592926668566e-05,4.8911264564064077e-05,15.814117829783175,16.29294316788353,-6.792292656019653
1,22753.0,37,cluster1_model,0.41946921374015256,0.00017017989128412507,8.803819192134293e-05,6.054782054017285e-05,17.228392461792986,17.957103289656846,-6.682119165036462
1,22753.0,38,cluster1_model,0.6165084859488466,9.932320895325315e-05,6.84877698829892e-05,4.3175891614463256e-05,18.907894569832578,18.650333396597464,-6.967751325676507
1,22753.0,39,cluster1_model,0.7169288692202598,0.0001339792794125749,9.29274259377659e-05,6.148336124414536e-05,17.13208455469015,17.732058107652122,-6.590447012891484
1,22951.0,15,cluster1_model,0.3442862953460991,0.00013516348295507138,8.868136860921376e-05,6.938136128317284e-05,22.64973781901465,21.835418908512633,-6.8617715322746236
1,22951.0,20,cluster1_model,0.5378243937233091,0.00013932247069713217,8.3944491796085e-05,5.88354603282213e-05,17.417956029935418,17.948245032132878,-6.7415882465199335
1,22951.0,21,cluster1_model,0.35351274174208425,0.00012904773532131184,8.025578978789375e-05,5.6635348901398227e-05,20.585038163525805,20.490993582185766,-6.93629401825939
1,22951.0,22,cluster1_model,0.3125795116165112,0.00010750125295958758,7.3736861872112e-05,5.314502540335815e-05,20.250244297773374,19.66873060179598,-6.926993026979577
1,22951.0,23,cluster1_model,0.3507404402739607,0.00013493383517727202,7.950858408513036e-05,5.600744397210296e-05,22.409246167165687,21.848376655526337,-6.980311184312283
1,22951.0,24,cluster1_model,0.45004448567416244,0.0001798679522189136,0.00012030357498764624,9.800537549246088e-05,22.109765574235492,23.51052600247476,-6.600781014119851
1,22951.0,25,cluster1_model,0.2630796954996777,0.00023733581481584864,9.693920451698812e-05,5.148916260090214e-05,24.68083534372947,23.965083629773527,-7.016612386671577
1,22951.0,27,cluster1_model,0.4580027162024921,0.0001194058651682821,7.521437893808531e-05,5.32334942997122e-05,22.663612948100987,22.312652416325452,-7.059255441113252
1,22951.0,28,cluster1_model,0.34303841598248397,0.00014241910376339113,0.00010021279879195127,6.930150262769271e-05,21.634831932084257,22.62926769550591,-6.759236209981845
1,22951.0,29,cluster1_model,0.6011416735417978,0.00017574713567906176,0.00011864279225605927,8.534920525226741e-05,19.15739250436595,20.753924964089997,-6.504524321422567
1,22951.0,31,cluster1_model,0.6102955024309844,9.333728148638022e-05,6.496819360628022e-05,4.79469960517723e-05,23.31581444311717,21.571695763953098,-7.140056558241483
1,22951.0,32,cluster1_model,0.7578302328968892,7.93172180498551e-05,5.4440815373030345e-05,4.052159117779857e-05,22.038871662705443,20.05621027610356,-7.250967500348131
1,22951.0,34,cluster1_model,0.5498408130907191,0.00010765445782503518,7.039532563564828e-05,4.640539861525372e-05,22.339515701994138,21.255477639915767,-7.0838164991563835
1,22951.0,35,cluster1_model,0.7553692770430174,7.761887062930038e-05,5.5792974665509146e-05,4.2753559346090674e-05,22.34738071511895,20.11181095497259,-7.206694931956737
1,22951.0,36,cluster1_model,0.47139037569563247,0.00017053481985188684,0.00010572109172096275,6.512991117681827e-05,19.605167072754377,21.108662707827893,-6.691775538401462
1,22951.0,37,cluster1_model,0.25040470300138606,0.00035788206222047764,0.00013150909274861546,7.284047037324337e-05,21.23404851309241,22.39784935098485,-6.634583874403412
1,50200.0,1,cluster1_model,0.5964860821758465,8.707673600778882e-05,6.536923706561077e-05,5.588558785527196e-05,20.493947666991495,19.001419606753185,-7.018068120792514
1,50200.0,2,cluster1_model,0.6205859752749282,8.89944491632949e-05,6.479211301657093e-05,5.372077523013144e-05,20.03317015607196,19.089876473135938,-7.054668819413243
1,50200.0,3,cluster1_model,0.9269930650830428,5.620769595991542e-05,4.7483518047891707e-05,4.5973988132098404e-05,30.648226022132885,25.02081417865794,-7.576899564027326
1,50200.0,4,cluster1_model,0.7227310956520276,0.00016303811512599539,0.00011311994873794641,7.674565631808506e-05,16.557525527776274,17.60454877115142,-6.383867561241037
1,50200.0,5,cluster1_model,0.925306054614103,5.888992941876563e-05,5.15155348216819e-05,4.9933042293095036e-05,34.431186555390106,28.015134478499682,-7.620676252645455
1,50200.0,6,cluster1_model,0.9142927080314872,6.866842180677165e-05,5.6850034204343343e-05,5.233902765615332e-05,41.942837269289235,32.746357413463464,-7.713544805320369
1,50200.0,7,cluster1_model,0.7730447172303148,8.107593995063412e-05,5.8687115382271014e-05,5.140254307576511e-05,26.1518590308805,23.04165883574174,-7.307474408674682
1,50200.0,8,cluster1_model,0.8106326668384343,0.00015123528897957199,0.00010817716761649324,7.580512010543842e-05,14.721456027757545,16.17139736580044,-6.3147182793236265
1,50200.0,9,cluster1_model,0.8557144627343378,0.00015974795028620843,0.00011748317983419078,8.132596924616836e-05,14.818505126729306,16.059588571631362,-6.237657102329033
1,50200.0,10,cluster1_model,0.8399098007150926,6.008833822005452e-05,4.956071989010091e-05,4.330973122400081e-05,21.296727885397875,18.931729187769534,-7.235908985601044
1,50200.0,11,cluster1_model,0.6878588252985953,7.644648224632346e-05,5.6420889247765916e-05,4.1418047427919436e-05,19.33191937272354,17.979118312883298,-7.105101055418516
1,50200.0,12,cluster1_model,0.6503424827504828,8.013387211183796e-05,5.56814854039675e-05,4.304256714812046e-05,18.854087383216488,17.757496746738983,-7.100226706144569
1,50200.0,14,cluster1_model,0.9264422184599268,6.561082330931625e-05,5.034338546718161e-05,4.887864978441031e-05,39.12814610785686,30.838792570144598,-7.771218235506174
1,50200.0,15,cluster1_model,0.9261977425504222,6.37202527057968e-05,5.2984559110304834e-05,5.208818319869113e-05,39.44226357082834,31.140175700120192,-7.724324534167145
1,50200.0,16,cluster1_model,0.9357060662469899,6.0110993208672254e-05,5.246228773694497e-05,5.4238707363511046e-05,40.33090931833973,31.64415464153116,-7.748056054566283
1,50200.0,17,cluster1_model,0.7934125598391908,7.822640697182975e-05,5.9280222023737355e-05,5.08371942568128e-05,25.045873952954732,22.309860658283586,-7.290944418624053
1,50200.0,18,cluster1_model,0.8905627607224162,6.266516901655228e-05,4.93483432372141e-05,4.444615680582135e-05,26.00969245918845,22.66280755818478,-7.469949838751731
1,50200.0,19,cluster1_model,0.9013817797561513,6.048263649240181e-05,4.827668868835973e-05,4.424741394217135e-05,25.18039338851062,21.94926805267806,-7.461164460442806
1,50200.0,20,cluster1_model,0.8196907433442602,7.03696622206887e-05,5.1021236270088426e-05,4.420799110755069e-05,23.11926522079712,19.976940922354633,-7.305471338872968
1,50200.0,21,cluster1_model,0.9159499540780759,7.370695273585306e-05,6.062917254188548e-05,6.094253407141585e-05,51.65592232572372,38.930141251923025,-7.83161729581338
1,50200.0,22,cluster1_model,0.9386782901061137,6.583845467743051e-05,5.980276302284572e-05,6.009437637150311e-05,59.47793854635175,42.42991494344049,-7.940527559891427
1,50200.0,23,cluster1_model,0.9242551013666697,7.356246738545186e-05,6.131309714335188e-05,5.851587218624199e-05,58.17339881236288,42.55751424905403,-7.9396915658829785
1,50200.0,24,cluster1_model,0.8016876982070654,7.282963751543856e-05,5.332100311169034e-05,4.3425754694061515e-05,21.50984080379083,19.4560655133856,-7.252799421852974
1,50200.0,25,cluster1_model,0.9234043424637645,7.589410813260003e-05,6.291933436875977e-05,5.968511714644044e-05,62.9038490761708,44.639103861102875,-7.981848488460989
1,50200.0,26,cluster1_model,0.9445846531461812,6.544068373935718e-05,5.570467554094388e-05,5.612610817940493e-05,57.53536219818538,42.02421673644422,-8.032810220209207
1,50200.0,27,cluster1_model,0.9321370649163216,6.991233880540404e-05,5.710009552895648e-05,5.447662460100711e-05,54.560572211545846,40.12593517798507,-7.943727373428995
1,50200.0,28,cluster1_model,0.8411331969036553,6.871710636062406e-05,5.227028969171618e-05,4.532700456431734e-05,25.034389405229724,21.64535855464984,-7.355350969178719
1,50200.0,29,cluster1_model,0.9307287292020219,6.519808933328463e-05,5.681305730548952e-05,5.582146679713467e-05,45.32222193991346,35.23856782727463,-7.811489975606345
1,50200.0,30,cluster1_model,0.906531808740128,6.275788030066665e-05,5.001029888692887e-05,4.782611786151688e-05,29.741948448247886,24.897830133398607,-7.550166483558273
1,50200.0,31,cluster1_model,0.9491359716955398,6.0602322170609574e-05,5.660672745608924e-05,5.798878650153104e-05,54.21237985380575,40.591835080418434,-7.970208511569829
1,50200.0,32,cluster1_model,0.947073313647921,6.662151858901246e-05,6.14621802060318e-05,6.450430383803704e-05,8371.501821106083,51.56071870207328,-8.12905509650225
1,50200.0,33,cluster1_model,0.9222811296744144,5.697555407386022e-05,4.65157986175632e-05,4.451749765572965e-05,28.03676607162168,23.6806333901472,-7.5570594057773635
1,50200.0,34,cluster1_model,0.9324969982530715,6.945954653699716e-05,6.099887533342435e-05,6.106570308732717e-05,60.831273247479615,43.456701047054366,-7.949123072505757
1,50200.0,35,cluster1_model,0.9491255298897815,5.755734411406802e-05,5.1800850743529496e-05,5.122726069996486e-05,44.3717148415068,34.71707735685536,-7.879681213376378
1,50200.0,36,cluster1_model,0.8165271039025948,8.369311780186997e-05,5.7584427349315735e-05,4.727746454965139e-05,27.629678323760015,23.822816179087187,-7.3924954905938876
1,50200.0,37,cluster1_model,0.6709466148154091,7.045440535838118e-05,4.864933632442781e-05,3.70770971865267e-05,16.916681683475158,15.727534855559444,-7.110142807053957
1,50200.0,38,cluster1_model,0.9273597808328241,5.602971513613674e-05,4.685580011878732e-05,4.602142896661188e-05,29.84994881720433,24.512998339364877,-7.559339198090018
1,50200.0,39,cluster1_model,0.14983197350473232,0.00014168274782930078,6.90173851091706e-05,4.698762507553296e-05,18.347645066311532,17.191703731428955,-6.946378458661545
1,104919.0,1,cluster1_model,0.6360221511452986,9.514945252653849e-05,7.184806241824847e-05,5.728495130954378e-05,17.10622011162347,16.59770471451523,-6.763604306577972
1,104919.0,2,cluster1_model,0.4977433776947934,9.52541517929904e-05,6.668600998023306e-05,4.841837874351559e-05,15.564550448906692,15.804726981727496,-6.828775543974858
1,104919.0,3,cluster1_model,0.9010595522904555,5.17099656886304e-05,4.130876762442496e-05,3.760866637583965e-05,19.37718480251267,17.29747149911027,-7.33786649241856
1,104919.0,4,cluster1_model,0.8254295896281287,0.00018097669131225712,0.00013505158745417506,9.873063503323146e-05,16.222007166706277,17.493871668480963,-6.169843607883988
1,104919.0,5,cluster1_model,0.8821535741117127,5.484239449311571e-05,4.4812129358562304e-05,3.6974842347671014e-05,20.945711732158117,18.538396125529694,-7.3153706341593585
1,104919.0,6,cluster1_model,0.8804691298956318,6.462887513661312e-05,4.683372288663223e-05,4.143627793041333e-05,23.147384791232067,20.489322383493995,-7.432211190353532
1,104919.0,7,cluster1_model,0.4771859675842678,9.21141482656662e-05,6.185850535009879e-05,4.320429930877255e-05,16.447345894940423,16.36905523158386,-6.951224702109135
1,104919.0,8,cluster1_model,0.8446985844517788,0.00023382062066278536,0.00016938708206333186,0.00012445910259027514,16.916677569965454,18.90219178473452,-5.999082519581551
1,104919.0,10,cluster1_model,0.6730315130413582,0.0001056474534345084,8.128699128948106e-05,6.377719234826473e-05,18.045572803449236,17.58981154236963,-6.695685415818838
1,104919.0,11,cluster1_model,0.7068903143847355,0.00010962887560513567,7.900983614450257e-05,5.933156871631932e-05,15.907766945182248,15.916096858136033,-6.634974235417055
1,104919.0,12,cluster1_model,0.6428084676078852,0.00010909409657825103,7.66187990425517e-05,6.000525642034095e-05,14.116420159853412,14.635478365913743,-6.578834678025616
1,104919.0,14,cluster1_model,0.8268454345097316,6.416171321109223e-05,4.522697756501441e-05,3.8179748992387183e-05,18.124226097143385,16.925998228833443,-7.2751668947258725
1,104919.0,15,cluster1_model,0.8269673591435275,6.705712181234909e-05,4.891387390767569e-05,4.227044106847378e-05,21.028007327169465,18.69888814266592,-7.274933059553324
1,104919.0,16,cluster1_model,0.88741403291495,6.121280828468011e-05,5.052218352910331e-05,4.8505952725565226e-05,25.454110120698047,22.44009883891898,-7.422370494576341
1,104919.0,17,cluster1_model,0.525725851892171,9.48133782396766e-05,6.540954831800001e-05,5.038041666903649e-05,18.124706606016673,17.566841522388476,-6.950998016281645
1,104919.0,18,cluster1_model,0.3015701387667514,8.298081005749529e-05,6.105860703595159e-05,5.047559358867395e-05,17.54324515862384,16.82450233507529,-6.945046337762284
1,104919.0,19,cluster1_model,0.7523271270410216,6.810511600007309e-05,4.963438749504568e-05,3.514335555954638e-05,16.915593585094634,16.055419118774747,-7.113728799834126
1,104919.0,20,cluster1_model,0.5948284132894652,8.592158073593862e-05,5.810771172526342e-05,4.856925293784701e-05,16.574766298370786,15.748229540232067,-6.9592946689480835
1,104919.0,21,cluster1_model,0.8374568436149012,8.417278664488688e-05,5.624871013338842e-05,4.9302856002876054e-05,31.387242529885363,26.35592014560836,-7.51576116753116
1,104919.0,22,cluster1_model,0.9192139809095298,5.554994659371108e-05,4.638838912962734e-05,4.361264193970922e-05,26.952456286544006,22.797708569544213,-7.509975781020038
1,104919.0,23,cluster1_model,0.8468385763882592,8.643668315691492e-05,5.710850744784382e-05,4.882601707021183e-05,33.26769526558927,27.89052354213805,-7.592046727530578
1,104919.0,24,cluster1_model,0.5959233015441134,9.235271737223698e-05,5.919581976358133e-05,4.267659759311088e-05,16.051601451215248,15.758885607223258,-6.953237494797517
1,104919.0,25,cluster1_model,0.7440621552420492,0.00010806792014036704,5.607998362117188e-05,4.612741564348877e-05,27.036475381386804,23.383003418867407,-7.4773685202696605
1,104919.0,26,cluster1_model,0.9238941248092605,6.229833465397461e-05,4.948143283576521e-05,4.539927321824179e-05,32.865055531834614,27.333904762385053,-7.674676130961873
1,104919.0,27,cluster1_model,0.9123621401360658,6.0376173312963515e-05,4.579063239744153e-05,4.0994515599678696e-05,25.87699647879581,22.48162400883764,-7.538663459697013
1,104919.0,28,cluster1_model,0.5787413628895681,9.468040564237011e-05,6.106902553171665e-05,4.369785293695637e-05,17.548018534552604,16.783965621322558,-7.006414722935499
1,104919.0,29,cluster1_model,0.905071197479139,5.990309858155496e-05,4.494133358871151e-05,4.215296255651164e-05,23.896515984585996,20.96250915041658,-7.5009764819729625
1,104919.0,30,cluster1_model,0.7865013353986382,6.759341517760605e-05,4.92242946336815e-05,4.021978498223934e-05,18.261488385724544,16.75277201880536,-7.193618739676756
1,104919.0,31,cluster1_model,0.9373357206793568,4.916304223528416e-05,4.148109818723808e-05,3.8967530085191055e-05,23.960362410066846,20.67220327580264,-7.525349776425792
1,104919.0,32,cluster1_model,0.9434160525576504,5.5809128360110945e-05,4.875977335259821e-05,5.088533999409794e-05,38.06579479258106,30.014767379814256,-7.739844399787431
1,104919.0,33,cluster1_model,0.8457145859604347,6.416693385506617e-05,4.697757368136582e-05,4.1285634693453835e-05,20.390760741145872,18.508038203251896,-7.306924934060882
1,104919.0,34,cluster1_model,0.9156838581482486,6.850343717073984e-05,5.674119564653265e-05,5.5712208961967756e-05,42.23403050515322,33.233951516555734,-7.726764653138164
1,104919.0,35,cluster1_model,0.9410102588729186,5.5384870415087056e-05,4.6071750544326253e-05,4.8546163538138034e-05,32.27960527315843,26.733982293999166,-7.6947153755570605
1,104919.0,36,cluster1_model,0.7115353972267773,9.810896542203797e-05,6.000602838721264e-05,4.472453062622211e-05,23.431458634061972,20.822973587295944,-7.2263209729668185
1,104919.0,37,cluster1_model,0.6008129938843423,6.999738683686216e-05,4.9937777480752596e-05,4.031885399892075e-05,15.866075542314507,15.046832183966174,-7.031396319925026
1,104919.0,38,cluster1_model,0.8865817361830887,6.255012551889861e-05,4.748192354981312e-05,4.23978299499453e-05,24.299658374110482,20.91645486471748,-7.396321171891256
1,104919.0,39,cluster1_model,0.3733851771811322,0.00013602297003606972,6.967755415980843e-05,4.157805546567447e-05,15.549593165259292,15.031989694460968,-6.811113376290761
2,22675.0,1,cluster2_model,0.294720428616736,0.0001664940996646747,0.00012870690708823075,0.00010658995893575291,29.170458749546867,26.745312877259984,-6.671390891323414
2,22675.0,2,cluster2_model,0.2979154868464837,0.00013674098806911684,0.00010966520890760683,9.33158710999606e-05,30.145244677526943,26.612314739576465,-6.793797017174308
2,22675.0,3,cluster2_model,0.6469745856691288,0.00011834535270469385,9.323174489946858e-05,8.544372182303109e-05,48.42566579333727,33.88343246805239,-7.200380292256796
2,22675.0,4,cluster2_model,0.568792842057718,0.0002276541361411084,0.00017809710897348955,0.00013902630132864354,28.895723431449337,26.085965120147065,-6.303259850599597
2,22675.0,5,cluster2_model,0.08477820115109513,0.00014848856235610158,0.00012079580240956006,0.0001057079835653934,36.707309596178966,29.403598497654098,-6.786236748279395
2,22675.0,6,cluster2_model,0.6711709978934015,0.00010629997465813107,8.62253078195105e-05,7.100546074610174e-05,41.121774072653935,30.374244270874602,-7.153184361615113
2,22675.0,7,cluster2_model,0.29816117765702743,0.00014081795650908911,0.0001151575273799377,0.00010104685340761172,41.2538418948156,31.82135888955585,-6.910737629384341
2,22675.0,8,cluster2_model,0.7126916534562904,0.0002847303035637042,0.000207409569847379,0.00015636834219228253,24.639894005488188,24.96864675731941,-6.07006946117004
2,22675.0,9,cluster2_model,0.7280400407107939,0.00039385078940502074,0.00027588513664651725,0.0001847799745568445,24.56661933031764,25.935553147831254,-5.863431322858032
2,22675.0,10,cluster2_model,0.251084580717052,0.00013975911166208189,0.00010848558598626704,8.631172965359107e-05,30.18003946270506,25.386848574157998,-6.742082623880725
2,22675.0,11,cluster2_model,0.527344323319793,0.0001788629228236338,0.00012101558190105717,8.836019612127523e-05,26.112636409737284,23.800111668747213,-6.6520357861808534
2,22675.0,12,cluster2_model,0.14550138583999273,0.00019569713537081045,0.0001320422256131376,0.00011240026823527866,27.25006229926223,24.277620457030714,-6.583626036965358
2,22675.0,14,cluster2_model,0.5115520348582117,0.00011613502407594939,9.428623715445773e-05,8.810243604561578e-05,36.451155235224846,29.3580352722014,-7.04165783733505
2,22675.0,15,cluster2_model,0.620534218100637,0.00012155860713350812,9.205948359247861e-05,8.346268804363167e-05,41.45885245642393,32.043943148194195,-7.196793280186287
2,22675.0,16,cluster2_model,0.608181417825443,0.00012948533935129333,9.949057101488712e-05,8.54884434447071e-05,45.656205470649326,34.39100811307668,-7.216914687448103
2,22675.0,17,cluster2_model,0.4888599598172382,0.00013962760880729686,0.000105286023120232,8.44022712750168e-05,26.795746879247833,23.51891713393641,-6.731288403104675
2,22675.0,18,cluster2_model,0.21109705863628103,0.0001239147148123341,0.00010011722230319316,8.066888085760517e-05,30.337007851876706,25.13902549978288,-6.823989190401911
2,22675.0,19,cluster2_model,0.587896606453815,0.0001128018388967689,9.396044973829851e-05,8.453083393245307e-05,43.346862990810955,31.235698697652094,-7.070935049195665
2,22675.0,20,cluster2_model,0.4863670272641861,0.00011411753192731232,8.754394569853471e-05,6.64911308053752e-05,31.59409729857665,26.026771570781946,-7.0164517892952825
2,22675.0,21,cluster2_model,0.7096205140270772,0.00012782960875788754,9.640906862689333e-05,8.157665345852856e-05,58.65483014573929,39.90516344603904,-7.36767037836105
2,22675.0,22,cluster2_model,0.7789266930846406,0.00010689629919659082,9.11024256478011e-05,8.332103813788758e-05,55.25997917989619,38.61577457486155,-7.3890133068235055
2,22675.0,23,cluster2_model,0.6930401614640194,0.00012533599549176646,9.606331657659635e-05,8.47422678521601e-05,54.62452839381054,37.593588182167,-7.307937945433332
2,22675.0,24,cluster2_model,0.5184349760518466,0.0001154117421429308,8.938761505174036e-05,7.451729400699883e-05,31.521553900428316,26.17734733384066,-7.011174220755155
2,22675.0,25,cluster2_model,0.5934302777223266,0.00013700240064522484,9.532684926223453e-05,7.476025144765454e-05,43.58025549548304,32.46016371328736,-7.210616812585537
2,22675.0,26,cluster2_model,0.7396676817110748,9.834865059060209e-05,7.967098757291719e-05,7.049126321966406e-05,38.81681976922495,29.889016515857282,-7.237968291685925
2,22675.0,27,cluster2_model,0.587364796970794,0.00012159144831522016,9.741423902920714e-05,8.344693338381044e-05,37.299235067247054,29.746955253208966,-7.001153778343516
2,22675.0,28,cluster2_model,0.4579570045166679,0.00013242403830571967,0.00010448055084714836,8.68212983544135e-05,31.999409194750612,26.59150679177204,-6.854521860641664
2,22675.0,29,cluster2_model,0.6620577693013006,0.00011228077744881622,9.243598677884298e-05,8.116420269222673e-05,45.648792955310135,33.500099733823504,-7.197030466117847
2,22675.0,30,cluster2_model,0.037313184486277295,0.0001950503529770771,0.0001359827956431714,9.960178529278647e-05,34.11231886366804,27.775413200137773,-6.725568956598952
2,22675.0,31,cluster2_model,0.7590565698581457,0.00010634492513067335,8.853191778393877e-05,8.158367373154094e-05,52.19955667615939,36.655015637819844,-7.320715547239518
2,22675.0,32,cluster2_model,0.832419747800532,9.355789900622196e-05,7.801534227659234e-05,7.0738071342171e-05,50.06053136548883,35.09050252055062,-7.422243653326354
2,22675.0,33,cluster2_model,0.5925212480350208,0.0001074279351013339,8.509573237142552e-05,7.793648433634952e-05,34.54073019825712,27.68539835515047,-7.0830159552106755
2,22675.0,34,cluster2_model,0.79311989484128,0.00010832755264943931,9.227363085864456e-05,8.617424973132377e-05,61.300599551486435,41.031072775925765,-7.445310958737441
2,22675.0,35,cluster2_model,0.7377205924046992,0.00010320273382288297,8.026326530552471e-05,7.12231888121432e-05,40.18241285808731,30.355083735450727,-7.234204004117951
2,22675.0,36,cluster2_model,0.49321770981368773,0.00012597228916976777,9.31349358047442e-05,7.39056333321441e-05,39.86065964402429,29.79261353700442,-7.064350119576193
2,22675.0,37,cluster2_model,0.472124493654676,0.00011699515507764192,9.153962302028638e-05,7.273837669528454e-05,36.414887099790235,28.018766879878008,-7.00800753268688
2,22675.0,38,cluster2_model,0.6271856742168019,0.0001108637959546744,8.954449022837322e-05,7.734298357025293e-05,40.236002187835915,31.004068401690798,-7.161774400113434
2,22675.0,39,cluster2_model,0.37839147414230867,0.00014515848329291515,0.00010876424505028602,8.865675544517229e-05,32.989063377106746,27.836132336621354,-6.851310025541375
2,22729.0,1,cluster2_model,0.3556114821996488,0.00023547950401464938,0.00016582009511514372,0.00012594011129445326,41.18682818949163,32.711786795234744,-6.5894314467303605
2,22729.0,2,cluster2_model,0.21540379263118314,0.0002245157195543425,0.00016930054526880412,0.00014796011495283036,51.009501700043714,36.48824349698389,-6.635725263583335
2,22729.0,3,cluster2_model,0.1690234725020785,0.00021196528296697222,0.00016078035973518664,0.00012639372993428877,67.4850407911604,42.989689341715035,-6.851850702682575
2,22729.0,5,cluster2_model,0.21704066703867686,0.00020078460543833553,0.0001518489409683621,0.00011038699874134857,60.32920507227831,39.13186141566421,-6.792894000328096
2,22729.0,6,cluster2_model,0.25480442959317595,0.0001801626468202405,0.0001357957413875154,0.00010862827539117839,63.14362574541197,39.729026938567344,-6.914797910720268
2,22729.0,7,cluster2_model,0.3824894117978753,0.0002588412971597116,0.0002020193436301661,0.00016026395566678446,56.61619275498838,39.55534535460895,-6.503237539781538
2,22729.0,8,cluster2_model,0.5738430661499958,0.0004950574304449754,0.0003314560446879662,0.00022420469161389494,31.50754175241116,32.37133732254999,-5.887662966903202
2,22729.0,9,cluster2_model,0.7362856886949469,0.0004191097909834635,0.0003205651684625341,0.0002491868383519171,28.4795556830936,29.49706878877127,-5.812416015787194
2,22729.0,10,cluster2_model,0.39902099414318704,0.0002204280819620982,0.00016106300301469334,0.00013577124136299814,35.46382284150258,31.13537437204485,-6.529862733605537
2,22729.0,11,cluster2_model,0.48607915730884077,0.00021979531301367022,0.0001589295961448792,0.00013983299408287044,31.117846260609888,27.32019112639254,-6.422040032188298
2,22729.0,12,cluster2_model,0.39088940609172995,0.000206453226088424,0.0001596549603270363,0.00012862809105161844,33.43585294169944,29.256720839865224,-6.489283885923371
2,22729.0,14,cluster2_model,0.36859567452161424,0.0001538586047782399,0.00011438526216919819,9.223598292755326e-05,49.22539252558061,35.13180085785125,-7.017018870542194
2,22729.0,15,cluster2_model,0.6028002639612617,0.0001254769408510478,9.688108145954198e-05,8.268163770413494e-05,46.286596924060916,33.232659707773884,-7.1345478848376045
2,22729.0,16,cluster2_model,0.35346044782750496,0.0001405750013860228,0.00011177682030364872,0.00010139695412847098,42.09936064426968,33.63947147580802,-7.00845782120257
2,22729.0,17,cluster2_model,0.25136007265646976,0.00022732272123192002,0.00014861782234276523,9.720876998921366e-05,46.99244253461023,34.44642553505923,-6.863276643331298
2,22729.0,18,cluster2_model,0.26608363433394333,0.0001612198909706299,0.00013165439728460545,0.00011515613743532597,72.05809333635335,41.62789621089348,-6.993880578240626
2,22729.0,19,cluster2_model,0.4949753851716878,0.00016040856054176306,0.0001251057930793299,0.00010888664163373214,66.51112890051888,41.700794598784455,-7.080190462363305
2,22729.0,20,cluster2_model,0.16701068531453467,0.00019485352428471616,0.00013309659006573523,0.00010456426110939436,48.21432092255258,36.02659347488561,-6.9078077798886675
2,22729.0,21,cluster2_model,0.6267250139134874,0.00017265588128353534,0.00012167976409670997,0.00010060807466823509,111.84680552260863,52.82165867802734,-7.3945755037622
2,22729.0,22,cluster2_model,0.639199299142449,0.00015836198273684905,0.00012687971083489964,0.00011363864284225825,146.76641350759482,58.67427027183406,-7.414264990830535
2,22729.0,23,cluster2_model,0.7232793176176715,0.00013739917096250028,0.00011365770100475742,0.00011291164064185021,105.31208558200507,55.0413852654235,-7.482059774779926
2,22729.0,24,cluster2_model,0.4622083720967035,0.00020200320475123829,0.00012582174050644224,0.0001013967616117828,74.23212258400129,41.57345223522126,-7.142427735503972
2,22729.0,25,cluster2_model,0.47975075233506537,0.00021950186147522995,0.00013264726340609772,0.00010828735013868901,130.55709858505938,55.94758108996155,-7.463084660781922
2,22729.0,26,cluster2_model,0.6531779229958283,0.0001422161611864854,0.00010951292715028262,9.483790689896901e-05,71.83970080680521,46.19490193919535,-7.348264284647816
2,22729.0,27,cluster2_model,0.7433753056821166,0.00013971920838553735,0.00011610414798032682,0.00011734020135564507,13180.949640104012,60.257497303779836,-7.545162819096087
2,22729.0,28,cluster2_model,0.5373820630581214,0.00016267248287017217,0.00012433135014210575,0.00011360552446099305,81.7559271015165,48.6435756451593,-7.271399502372112
2,22729.0,29,cluster2_model,0.6074268426004025,0.00013182338001303763,0.0001032002337811864,9.446097331019431e-05,70.14985432655367,40.09697562838573,-7.218957434653321
2,22729.0,30,cluster2_model,0.563922033958652,0.00014226893487418076,0.00011343893593349656,0.00010549614996874224,86.87830436805596,44.382173822210106,-7.2077678250744714
2,22729.0,31,cluster2_model,0.6644946756076625,0.00014011386493818805,0.00011416793924853068,9.689461711521163e-05,107.03851078170827,50.063690790156336,-7.361329165093932
2,22729.0,32,cluster2_model,0.7737455273847315,0.00013888881413767697,0.00012124998889028283,0.0001253218330379978,14114.523261655628,68.53284416904562,-7.661630326823919
2,22729.0,33,cluster2_model,0.421403303073009,0.00015219047317242918,0.00011825923154131431,9.848729849371622e-05,58.75035443624075,39.59348680237249,-7.088134699973936
2,22729.0,34,cluster2_model,0.6876083134932623,0.00011893775543322088,9.532180943682974e-05,8.473417779748555e-05,60.4386528361601,38.577140133251746,-7.284389797371538
2,22729.0,35,cluster2_model,0.7009000982811784,0.0001243424760774671,0.00010466413419802911,0.00010227725986577717,71.49598190654196,44.40499220204298,-7.319569711134793
2,22729.0,36,cluster2_model,0.4468726496288906,0.0001890516548787088,0.00013595026120494637,0.00010471982042522487,38.97303726372879,32.45343412717715,-6.76163562698901
2,22729.0,37,cluster2_model,0.13419986736406497,0.00022009831437985579,0.00012459573550512143,8.838540233455904e-05,44.0251790054556,32.56325743812609,-7.00104089040618
2,22729.0,38,cluster2_model,0.4628181290704191,0.00015329401518865011,0.00012057507039209041,9.471749275871165e-05,66.26925988335262,40.95167352020946,-7.146013819928779
2,22729.0,39,cluster2_model,0.3723305294262561,0.00017677733106311676,0.0001297916948786821,0.0001029350397094099,41.1499417728633,32.481446851387496,-6.829613674136221
2,22771.0,2,cluster2_model,0.3534574222760781,0.000315244531646842,0.00020464663501891506,0.00015147316269020425,34.29848700819109,30.28080342944715,-6.3625627464484875
2,22771.0,6,cluster2_model,0.38070896685673583,0.00018627115727998578,0.00013743336521835435,9.836744686963906e-05,43.06078642454786,31.752531842793026,-6.769044843543821
2,22771.0,7,cluster2_model,0.2337837319444288,0.00016744042683646383,0.00012564455831304058,9.53912771402102e-05,30.517823223073343,26.582254656820137,-6.672092317689557
2,22771.0,14,cluster2_model,0.20148947754451418,0.0001593680678823754,0.00011970562949268813,9.930662428422679e-05,37.03761643084063,29.025560726384782,-6.760091226588507
2,22771.0,17,cluster2_model,0.27921243272858287,0.0002459874132155486,0.00016125031792545017,0.00012246706596262094,35.95622494240375,28.989624672271834,-6.547478513954223
2,22771.0,20,cluster2_model,0.18265153270206647,0.00019267471862031936,0.00012257515554911432,8.738620700853808e-05,38.102608796259986,28.431275293989266,-6.758591117275477
2,22771.0,21,cluster2_model,0.38149663470354245,0.0001667064258122307,0.00011304993718577006,9.172787524121037e-05,38.273666987903994,30.53215511414027,-6.938717025291211
2,22771.0,22,cluster2_model,0.5090524764221768,0.00012432745117857275,9.753581104221289e-05,6.92639527966139e-05,40.32753306069439,30.048086151373155,-7.000919009004088
2,22771.0,23,cluster2_model,0.4496814526561168,0.00014842388125330775,0.00010953437023132928,8.980459732712756e-05,53.169114243423564,36.42051630867223,-7.127129305309207
2,22771.0,24,cluster2_model,0.12791751314897692,0.00034808028099498446,0.00015196869895691922,0.00011396825790259508,35.688324379561074,29.751438370746847,-6.661219770936901
2,22771.0,25,cluster2_model,0.3445233153578955,0.00021388213259945378,0.00012822640697931933,9.874593420721376e-05,43.86630891277301,34.66085961932473,-6.997738802726662
2,22771.0,26,cluster2_model,0.527047408772103,0.0001231413077548919,9.63873572167332e-05,8.518967462229881e-05,40.22428299226479,30.93568323699071,-7.043080544357847
2,22771.0,27,cluster2_model,0.47018834767409745,0.00015087942999991187,0.00011030280206011632,8.785740585864566e-05,41.93070184796413,33.362478723883086,-7.093522937193251
2,22771.0,28,cluster2_model,0.3502445904976972,0.00018820992217017006,0.00012736825996404198,9.0151514348956e-05,37.64654417181515,30.712457812079393,-6.853440944838658
2,22771.0,30,cluster2_model,0.3726595213627304,0.00014286119468275173,0.00010792838917339143,8.561251427517437e-05,36.535933914184085,29.100089463480995,-6.866732924653363
2,22771.0,31,cluster2_model,0.5092745717835835,0.00014985496692100064,0.00011346348788336647,9.041023861667404e-05,57.29332595393599,38.92949864816161,-7.135884888384122
2,22771.0,32,cluster2_model,0.5117117916855043,0.0001447907816001219,0.00011572558079044852,9.583832558501492e-05,61.30348770273678,40.34443285324177,-7.1750307052022
2,22771.0,33,cluster2_model,0.5425022038980469,0.00014989691234721823,0.00010681404098527492,8.002492797514561e-05,36.67620345229431,29.204525551275477,-6.9631162544540075
2,22771.0,34,cluster2_model,-0.016040064862768988,0.0002248349660181176,0.00016126834315223392,0.00012765154975025742,57.528007860689,41.18428652738642,-6.9510729873690025
2,22771.0,35,cluster2_model,0.5269825524524675,0.00012581332253242623,0.00010039145349082952,9.01861586565623e-05,34.804902095161154,28.240162241119084,-6.942197949414521
2,22771.0,37,cluster2_model,0.2594052297446463,0.0002300288639981764,0.00012520830796439387,8.829091865241173e-05,34.17536580995213,28.703927873380785,-6.7938258713758195
2,48219.0,6,cluster2_model,0.4065738577616185,0.00016763885211138502,0.00013020750700429225,0.00010778854787869832,33.07350617629645,26.697920156945276,-6.659827827540979
2,48219.0,14,cluster2_model,0.4566878331657598,0.00015713678193606572,0.00012135136547162704,0.00010060827067827015,34.873595164838314,28.728038628456304,-6.7505422865689155
2,48219.0,17,cluster2_model,0.5894761171644529,0.0002216198878506765,0.00017223532540816577,0.00014199093355587257,30.241754345381977,27.019811631667306,-6.354687919582769
2,48219.0,21,cluster2_model,0.3328563237864214,0.00020254829794559467,0.00015611442084950138,0.00011645253087280455,35.69465678107662,29.572100093413596,-6.572449647590068
2,48219.0,22,cluster2_model,0.3061192892794462,0.0001389428442346573,0.00011362089779063606,0.00010257447093072551,37.276492813997955,30.031929970018673,-6.880634477863497
2,48219.0,23,cluster2_model,0.2206472009632442,0.00017357800005949684,0.00013282280360808602,0.00010357756843112521,40.15312875968386,32.57484939882959,-6.8146337178105085
2,48219.0,25,cluster2_model,0.31013595161522056,0.0002073794628723077,0.0001445899080625206,0.00010785689726135685,38.81880819221246,31.356013408043914,-6.712251643592751
2,48219.0,26,cluster2_model,0.5026277810745587,0.0001320326233973548,0.0001067925162441211,9.197156139628377e-05,41.297973098515335,33.30036677625079,-7.041111287400192
2,48219.0,30,cluster2_model,0.2991287247162938,0.0001980288836959486,0.00015065722801982723,0.00011340745903854271,56.90917279914275,34.388649219444126,-6.726014908973076
2,48219.0,32,cluster2_model,0.4361632617113712,0.00016233169022720687,0.00011984189306076044,9.994527529329987e-05,35.07887502523706,29.16221735694392,-6.8521204433854095
2,48219.0,34,cluster2_model,0.34944346169174256,0.00016095633973761315,0.00011608162831420946,9.318196045310567e-05,34.93621142339202,28.997030557381642,-6.859377977398496
2,48219.0,35,cluster2_model,0.4915651898518759,0.00012923334812367998,9.674739455265778e-05,7.222411860152185e-05,28.120230197903233,23.504836163165884,-6.8095879882642745
2,48219.0,36,cluster2_model,0.5653902894586975,0.00019810208424163344,0.0001250408800070738,9.685349314300163e-05,35.39403916022395,28.48762546874116,-6.78040838570099
2,48219.0,37,cluster2_model,0.47295544576740767,0.00019582979581365804,0.00015318802619061268,0.00013126118704024416,30.17506281573991,26.621854328688975,-6.454801740204414
